username,password,email
u1,1234,u1@obm.lyon.lan
u2,1234,u2@obm.lyon.lan
u3,1234,u3@obm.lyon.lan
u4,1234,u4@obm.lyon.lan
u5,1234,u5@obm.lyon.lan
u6,1234,u6@obm.lyon.lan
u7,1234,u7@obm.lyon.lan
u8,1234,u8@obm.lyon.lan
u9,1234,u9@obm.lyon.lan
u10,1234,u10@obm.lyon.lan
u11,1234,u11@obm.lyon.lan
u12,1234,u12@obm.lyon.lan
u13,1234,u13@obm.lyon.lan
u14,1234,u14@obm.lyon.lan
u15,1234,u15@obm.lyon.lan
u16,1234,u16@obm.lyon.lan
u17,1234,u17@obm.lyon.lan
u18,1234,u18@obm.lyon.lan
u19,1234,u19@obm.lyon.lan
u20,1234,u20@obm.lyon.lan
u21,1234,u21@obm.lyon.lan
u22,1234,u22@obm.lyon.lan
u23,1234,u23@obm.lyon.lan
u24,1234,u24@obm.lyon.lan
u25,1234,u25@obm.lyon.lan
u26,1234,u26@obm.lyon.lan
u27,1234,u27@obm.lyon.lan
u28,1234,u28@obm.lyon.lan
u29,1234,u29@obm.lyon.lan
u30,1234,u30@obm.lyon.lan
u31,1234,u31@obm.lyon.lan
u32,1234,u32@obm.lyon.lan
u33,1234,u33@obm.lyon.lan
u34,1234,u34@obm.lyon.lan
u35,1234,u35@obm.lyon.lan
u36,1234,u36@obm.lyon.lan
u37,1234,u37@obm.lyon.lan
u38,1234,u38@obm.lyon.lan
u39,1234,u39@obm.lyon.lan
u40,1234,u40@obm.lyon.lan
u41,1234,u41@obm.lyon.lan
u42,1234,u42@obm.lyon.lan
u43,1234,u43@obm.lyon.lan
u44,1234,u44@obm.lyon.lan
u45,1234,u45@obm.lyon.lan
u46,1234,u46@obm.lyon.lan
u47,1234,u47@obm.lyon.lan
u48,1234,u48@obm.lyon.lan
u49,1234,u49@obm.lyon.lan
u50,1234,u50@obm.lyon.lan
u51,1234,u51@obm.lyon.lan
u52,1234,u52@obm.lyon.lan
u53,1234,u53@obm.lyon.lan
u54,1234,u54@obm.lyon.lan
u55,1234,u55@obm.lyon.lan
u56,1234,u56@obm.lyon.lan
u57,1234,u57@obm.lyon.lan
u58,1234,u58@obm.lyon.lan
u59,1234,u59@obm.lyon.lan
u60,1234,u60@obm.lyon.lan
u61,1234,u61@obm.lyon.lan
u62,1234,u62@obm.lyon.lan
u63,1234,u63@obm.lyon.lan
u64,1234,u64@obm.lyon.lan
u65,1234,u65@obm.lyon.lan
u66,1234,u66@obm.lyon.lan
u67,1234,u67@obm.lyon.lan
u68,1234,u68@obm.lyon.lan
u69,1234,u69@obm.lyon.lan
u70,1234,u70@obm.lyon.lan
u71,1234,u71@obm.lyon.lan
u72,1234,u72@obm.lyon.lan
u73,1234,u73@obm.lyon.lan
u74,1234,u74@obm.lyon.lan
u75,1234,u75@obm.lyon.lan
u76,1234,u76@obm.lyon.lan
u77,1234,u77@obm.lyon.lan
u78,1234,u78@obm.lyon.lan
u79,1234,u79@obm.lyon.lan
u80,1234,u80@obm.lyon.lan
u81,1234,u81@obm.lyon.lan
u82,1234,u82@obm.lyon.lan
u83,1234,u83@obm.lyon.lan
u84,1234,u84@obm.lyon.lan
u85,1234,u85@obm.lyon.lan
u86,1234,u86@obm.lyon.lan
u87,1234,u87@obm.lyon.lan
u88,1234,u88@obm.lyon.lan
u89,1234,u89@obm.lyon.lan
u90,1234,u90@obm.lyon.lan
u91,1234,u91@obm.lyon.lan
u92,1234,u92@obm.lyon.lan
u93,1234,u93@obm.lyon.lan
u94,1234,u94@obm.lyon.lan
u95,1234,u95@obm.lyon.lan
u96,1234,u96@obm.lyon.lan
u97,1234,u97@obm.lyon.lan
u98,1234,u98@obm.lyon.lan
u99,1234,u99@obm.lyon.lan
u100,1234,u100@obm.lyon.lan
